channel,fevd_h8_pct
property→gdp,20.491422565130318
exports→gdp,16.618343253800568
hibor→gdp,8.717539259816377
