channel,fevd_h8_pct
property→gdp,20.700546881512235
exports→gdp,16.391437176165784
hibor→gdp,8.439784614028953
